Keyword,Monthly Search Volume,Allintitle Results,KGR,Intent,Suggested Content,Meta Title,Meta Description
remote data science internship 2026,320,45,0.14,Transactional,Internship landing page,Remote Data Science Internship 2026 | SkillForge,"Apply for a remote data science internship built for B.Tech students. Learn Python, SQL, analytics and build portfolio projects."
python internship for btech students,590,120,0.20,Commercial,Comparison blog + CTA,Python Internship for B.Tech Students | Career Roadmap,"Compare Python internship paths, skills, projects and outcomes for B.Tech students planning a technical career."
best digital marketing internship 2026,480,110,0.23,Commercial,Program landing page,Best Digital Marketing Internship 2026 | SEO & Ads Track,"Explore a practical digital marketing internship focused on SEO, keyword research, content planning and paid ads readiness."
seo basics for beginners internship,170,28,0.16,Informational,Educational blog,SEO Basics for Beginners | Internship Learning Guide,"Learn SEO basics in simple language: keywords, search intent, meta tags, SERP and keyword validation."
keyword research project example,210,35,0.17,Informational,Portfolio article,Keyword Research Project Example | Step-by-Step SEO Plan,"See a complete keyword research example with intent mapping, KGR calculation and content suggestions."
full stack internship with projects,390,85,0.22,Commercial,Service page,Full Stack Internship With Projects | Build Real Apps,"Join a project-based full stack internship covering React, Node.js, databases and deployable applications."
ai ml internship for beginners,720,160,0.22,Commercial,Cluster landing page,AI ML Internship for Beginners | Practical Project Track,"Start AI and ML with beginner-friendly projects, Python foundations and real portfolio deliverables."
how to do keyword research for a website,880,190,0.22,Informational,How-to guide,How to Do Keyword Research for a Website | Beginner Guide,"Follow a simple process to find keywords, check intent, validate demand and map terms to content."
decodelabs internship login,90,8,0.09,Navigational,Support page,DecodeLabs Internship Login | Student Access,"Access internship resources, project submissions and student dashboard guidance."
apply for seo internship online,260,50,0.19,Transactional,Application page,Apply for SEO Internship Online | Practical Training,"Apply for a practical SEO internship focused on keyword research, content strategy and website optimization."
technical seo checklist for students,140,22,0.16,Informational,Checklist post,Technical SEO Checklist for Students | Beginner Friendly,"Use this technical SEO checklist to audit titles, URLs, speed, mobile design, schema and indexability."
remote python sql internship,150,30,0.20,Transactional,Landing page,Remote Python SQL Internship | Data Career Start,"Apply for a remote internship that teaches Python, SQL and practical data projects for beginners."
